INSERT INTO `region_types` (`id`, `region_type`, `region_type_full`) VALUES
(1, 'г', 'город'),
(2, 'обл', 'область'),
(3, 'край', 'край'),
(4, 'АО', 'автономный округ'),
(5, 'Респ', 'республика'),
(6, 'Аобл', 'автономная область');

INSERT INTO `regions` (`id`, `region_name`, `region_type_id`) VALUES
(1, 'Москва', 1),
(2, 'Самарская', 2),
(3, 'Московская', 2),
(4, 'Приморский', 3),
(5, 'Тульская', 2),
(6, 'Тверская', 2),
(7, 'Чукотский', 4),
(8, 'Татарстан', 5),
(9, 'Еврейская', 6),
(10, 'Хабаровский', 3),
(11, 'Сахалинская', 2),
(12, 'Санкт-Петербург', 1),
(13, 'Волгоградская', 2),
(14, 'Оренбургская', 2),
(15, 'Свердловская', 2),
(16, 'Челябинская', 2),
(17, 'Тюменская', 2),
(18, 'Омская', 2);

INSERT INTO `area_types` (`id`, `area_type`, `area_type_full`) VALUES
(1, 'р-н', 'район'),
(2, 'п', 'поселение');


INSERT INTO `areas` (`id`, `area_name`, `area_type_id`, `region_id`) VALUES
(1, 'Пестравский', 1, 2),
(2, 'Красноярский', 1, 2),
(3, 'Кировский', 1, 4),
(4, 'Кокошкино', 2, 1),
(5, 'Филимонковское', 2, 1),
(6, 'Заокский', 1, 5),
(7, 'Калининский', 1, 6),
(8, 'Нижнекамский', 1, 8),
(9, 'Альметьевский', 1, 8),
(10, 'Облученский', 1, 9),
(11, 'Комсомольский', 1, 10),
(12, 'Билибинский', 1, 7),
(13, 'Иультинский', 1, 7),
(14, 'Холмский', 1, 11),
(15, 'Смирныховский', 1, 11),
(16, 'Красногвардейский', 1, 14),
(17, 'Грачевский', 1, 14),
(19, 'Вагайский', 1, 17);

INSERT INTO `cities` (`id`, `city_name`, `city_type`, `city_type_full`, `region_id`, `area_id`) VALUES
(2, 'Самара', 'г', 'город', 2, NULL),
(3, 'Люберцы', 'г', 'город', 3, NULL),
(4, 'Кинель', 'г', 'город', 2, NULL),
(5, 'Руза', 'г', 'город', 3, NULL),
(6, 'Анадырь', 'г', 'город', 7, NULL),
(7, 'Казань', 'г', 'город', 8, NULL),
(8, 'Набережные Челны', 'г', 'город', 8, NULL),
(9, 'Нижнекамск', 'г', 'город', 8, 8),
(10, 'Альметьевск', 'г', 'город', 8, 9),
(11, 'Биробиджан', 'г', 'город', 9, NULL),
(12, 'Хабаровск', 'г', 'город', 10, NULL),
(13, 'Комсомольск-на-Амуре', 'г', 'город', 10, NULL),
(14, 'Билибино', 'г', 'город', 7, 12),
(15, 'Южно-Сахалинск', 'г', 'город', 11, NULL),
(16, 'Холмск', 'г', 'город', 11, 14),
(17, 'Химки', 'г', 'город', 3, NULL),
(18, 'Королёв', 'г', 'город', 3, NULL),
(19, 'Волгоград', 'г', 'город', 13, NULL),
(20, 'Оренбург', 'г', 'город', 14, NULL),
(21, 'Екатеринбург', 'г', 'город', 15, NULL),
(22, 'Челябинск', 'г', 'город', 16, NULL),
(23, 'Тюмень', 'г', 'город', 17, NULL),
(24, 'Омск', 'г', 'город', 18, NULL);

INSERT INTO `settlement_types` (`id`, `settlement_type`, `settlement_type_full`) VALUES
(1, 'снт', 'садовое товарищество'),
(2, 'с', 'село'),
(3, 'пгт', 'поселок городского типа'),
(4, 'кп', 'курортный поселок'),
(5, 'рп', 'рабочий поселок'),
(6, 'дп', 'дачный поселок'),
(7, 'д', 'деревня'),
(8, 'нп', 'населенный пункт'),
(9, 'ж/д_ст', 'железнодорожная станция'),
(10, 'п', 'поселок'),
(11, 'мкр', 'микрорайон'),
(12, 'тер', 'территория');

INSERT INTO `settlements` (`id`, `settlement_name`, `settlement_type_id`, `city_id`, `region_id`, `area_id`) VALUES
(1, 'СНТ Малые Дойки массив 1', 1, 2, 2, NULL),
(2, 'Пестравка', 2, NULL, 2, 1),
(3, 'Алексеевка', 3, 4, 2, NULL),
(4, 'Волжский', 3, NULL, 2, 2),
(5, 'Горные Ключи', 4, NULL, 4, 3),
(6, 'Тучково', 5, 5, 3, NULL),
(7, 'Кокошкино', 6, NULL, 1, 4),
(8, 'Бурцево', 7, NULL, 1, 5),
(9, 'Болынтово', 8, NULL, 5, 6),
(10, 'Кузьминка', 9, NULL, 6, 7),
(11, 'Теплоозерск', 10, NULL, 9, 10),
(12, 'Пашково', 2, NULL, 9, 10),
(13, 'Селихино', 2, NULL, 10, 11),
(14, 'Эгвекинот', 3, NULL, 7, 13),
(15, 'Смирных', 3, NULL, 11, 15),
(16, 'Подрезково', 11, 17, 3, NULL),
(17, 'Рабочий поселок Гумрак', 12, 19, 13, NULL),
(18, 'Преображенка', 2, NULL, 14, 16),
(19, 'Старояшкино', 2, NULL, 14, 17),
(20, 'Дубровное', 2, NULL, 17, 19),
(21, 'Вагай', 2, NULL, 17, 19),
(22, 'Сходня', 11, 17, 3, NULL);

INSERT INTO `street_types` (`id`, `street_type`, `street_type_full`) VALUES
(1, 'ул', 'улица'),
(2, 'пер', 'переулок'),
(3, 'туп', 'тупик'),
(4, 'линия', 'линия'),
(5, 'проезд', 'проезд'),
(6, 'тракт', 'тракт'),
(7, 'просека', 'просека'),
(8, 'п', 'поселок'),
(9, 'пр-кт', 'проспект'),
(10, 'ш', 'шоссе'),
(11, 'наб', 'набережная'),
(12, 'б-р', 'бульвар');

INSERT INTO `streets` (`id`, `street_name`, `street_type_id`, `city_id`, `settlement_id`, `region_id`) VALUES
(1, 'Садовническая', 1, NULL, NULL, 1),
(2, 'Безымянный 1-й', 2, 2, NULL, 2),
(3, 'Управленческий', 3, 2, NULL, 2),
(4, '3-я', 4, 2, NULL, 2),
(5, 'Советская', 1, NULL, 2, 2),
(6, '9 Мая', 5, 2, NULL, 2),
(7, 'Пугачевский', 6, 2, NULL, 2),
(8, '5-я', 7, 2, NULL, 2),
(9, 'Калинина', 8, 3, NULL, 3),
(10, 'Фабричная', 1, 4, 3, 2),
(11, 'Матросова', 1, NULL, 4, 2),
(12, 'Юбилейная', 1, NULL, 5, 4),
(13, 'Партизан', 1, 5, 6, 3),
(14, 'Ленина', 1, 15, 14, 7),
(15, '5-й Новобурцевский', 2, NULL, 8, 1),
(16, 'Кирова', 9, 2, NULL, 2),
(17, 'Московское', 10, 2, NULL, 2),
(18, 'Мира', 1, 6, NULL, 7),
(19, 'Мира', 9, 8, NULL, 8),
(20, 'Химиков', 9, 9, NULL, 8),
(21, 'Строителей', 9, 10, NULL, 8),
(22, 'Овражная', 1, 7, NULL, 8),
(23, 'Шолом-Алейхема', 1, 11, NULL, 9),
(24, 'Казакевича', 1, 11, NULL, 9),
(25, 'Левобережная', 1, 11, NULL, 9),
(26, 'Заречная', 1, NULL, 11, 9),
(27, 'Пограничная', 1, NULL, 12, 9),
(28, 'Ким Ю Чена', 1, 12, NULL, 10),
(29, 'Свободный', 2, 12, NULL, 10),
(30, 'Вокзальная', 1, 13, NULL, 10),
(31, 'Магистральное', 10, 13, NULL, 10),
(32, 'Торговая', 1, NULL, 13, 10),
(33, 'Заводская', 1, 14, NULL, 7),
(34, 'Бульвар Дружбы', 1, 16, NULL, 11),
(35, 'Больничный', 2, NULL, 15, 11),
(36, 'Реки Мойки', 11, NULL, NULL, 12),
(37, 'Канала Грибоедова', 11, NULL, NULL, 12),
(38, 'Вознесенский', 9, NULL, NULL, 12),
(39, 'Якубовича', 1, NULL, NULL, 12),
(40, 'Английская', 11, NULL, NULL, 12),
(41, 'Союза Печатников', 1, NULL, NULL, 12),
(42, 'Железнодорожная', 1, 17, 16, 3),
(43, 'Циолковского', 1, 18, NULL, 3),
(44, 'Щёлковское', 10, NULL, NULL, 1),
(45, 'Сиреневый', 12, NULL, NULL, 1),
(46, 'Октябрьский', 9, 3, NULL, 3),
(47, 'им. маршала Жукова', 1, 19, 17, 13),
(48, 'им. Немировича-Данченко', 1, 19, NULL, 13),
(49, 'Постникова', 1, 20, NULL, 14),
(50, 'Парковый', 9, 20, NULL, 14),
(51, 'Молодежная', 1, NULL, 19, 14),
(52, 'Пушкина', 1, 21, NULL, 15),
(53, 'Фурманова', 1, 21, NULL, 15),
(54, 'Красная', 1, 22, NULL, 16),
(55, 'Чайковского', 1, 22, NULL, 16),
(56, 'Актюбинская(Колхозный)', 1, 22, NULL, 16),
(57, 'Островского', 1, 22, NULL, 16),
(58, 'Максима Горького', 1, 23, NULL, 17),
(59, 'Новая', 1, NULL, 20, 17),
(60, 'Полярная', 1, 24, NULL, 18),
(61, 'Трактовая', 1, NULL, 20, 17),
(62, 'Комсомольская 2-я', 1, NULL, 21, 17),
(63, 'Овражная', 1, 17, 16, 3),
(64, 'Горького', 1, 17, 22, 3);

INSERT INTO `house_types` (`id`, `house_type`, `house_type_full`) VALUES
(1, 'д', 'дом'),
(2, 'влд', 'владение'),
(3, 'зд', 'здание'),
(4, 'стр', 'строение');

INSERT INTO `houses` (`id`, `house_name`, `house_type_id`, `house_fias_id`, `street_id`, `created_at`, `updated_at`) VALUES
(1, '62', 1, '3cd41932-9ed1-4671-aa45-f172bb10d7f9', 1, '2022-02-06 07:22:16', '2022-02-06 07:22:16'),
(2, '11', 1, '17cc4462-351b-424d-b7da-da2091341b68', 2, '2022-02-06 07:45:00', '2022-02-06 07:45:00'),
(3, '3', 1, 'eeb9bbd2-40e4-42a5-a962-30639f087a1e', 3, '2022-02-06 07:50:09', '2022-02-06 07:50:09'),
(4, '75', 1, NULL, 4, '2022-02-06 07:53:08', '2022-02-06 07:53:08'),
(5, '32', 1, '0daa6e17-7083-44e5-9c8b-4c9f5676c847', 5, '2022-02-06 09:20:00', '2022-02-06 09:20:00'),
(6, '16', 1, '8ed757d5-a461-4df5-8a6f-42632b6b9c6c', 6, '2022-02-06 09:25:38', '2022-02-06 09:25:38'),
(7, '62', 1, '757d45ad-1cc0-449e-a914-1fc14f428383', 7, '2022-02-06 10:26:33', '2022-02-06 10:26:33'),
(8, '89А', 1, 'ddf32196-968f-41a1-9435-841f16ac7b97', 8, '2022-02-06 10:29:12', '2022-02-06 10:29:12'),
(9, '90', 1, 'bf6dfa5a-07e4-4bce-a0d7-7c7a8f312516', 9, '2022-02-06 10:30:57', '2022-02-06 10:30:57'),
(10, '24', 1, '85006689-9c09-40a7-a76d-5d5ee289f478', 10, '2022-02-06 10:32:47', '2022-02-06 10:32:47'),
(11, '18', 1, NULL, 11, '2022-02-06 10:35:32', '2022-02-06 10:35:32'),
(12, '41', 1, 'b84c879f-8cf7-42e2-b236-51abeafeaec0', 12, '2022-02-06 10:37:47', '2022-02-06 10:37:47'),
(13, '3', 1, '967b6e42-3674-4965-85c4-f107053f77ec', 13, '2022-02-06 10:39:31', '2022-02-06 10:39:31'),
(14, '5', 1, '6d0170ce-3354-4ec5-82bc-57bd3aeca70c', 14, '2022-02-06 10:40:58', '2022-02-06 10:40:58'),
(15, '10', 1, '37b7953a-b522-419e-b46c-ecf97229bf6d', 15, '2022-02-06 10:42:56', '2022-02-06 10:42:56'),
(17, '70', 1, '6f5bded7-a05e-45c6-b93a-5bd2720c0377', 16, '2022-02-06 19:41:43', '2022-02-06 19:41:43'),
(18, '4', 2, '79a37de6-5c3a-4345-882b-71d70de6289a', 17, '2022-02-06 19:43:31', '2022-02-06 19:43:31'),
(19, '29', 1, '7b5a5932-a344-41c0-8172-cde93b6cc73f', 18, '2022-02-06 19:48:44', '2022-02-06 19:48:44'),
(20, '12Б', 3, '3c265f3c-a092-41f0-8517-ce89a376a559', 19, '2022-02-06 19:53:36', '2022-02-06 19:53:36'),
(21, '53', 1, 'ccb0a33f-a8d5-47b6-8fa3-b4454dd83b10', 20, '2022-02-06 19:55:01', '2022-02-06 19:55:01'),
(22, '20Б', 1, '141db960-4c8b-40e3-9821-5a97f09c15e3', 21, '2022-02-06 19:56:20', '2022-02-06 19:56:20'),
(23, '13', 1, '1b7c11ea-9f70-4e05-8c91-a18044e23c8a', 22, '2022-02-06 19:58:27', '2022-02-06 19:58:27'),
(24, '43', 1, '2512537d-8f90-47c8-a553-f7e0446c4359', 23, '2022-02-06 19:59:20', '2022-02-06 19:59:20'),
(25, '12А', 1, 'fc39b77a-1ab9-47cd-a5b4-3df4acacc46f', 24, '2022-02-06 20:00:20', '2022-02-06 20:00:20'),
(26, '19', 1, 'fc7fb47d-d638-4781-a17c-c698b307b146', 25, '2022-02-06 20:01:08', '2022-02-06 20:01:08'),
(27, '27', 1, '91f4a1fd-2ac9-436c-920d-7c083dfc486a', 26, '2022-02-06 20:02:32', '2022-02-06 20:02:32'),
(28, '4', 1, '61f32bf8-2209-4db2-a893-521fd1d686a7', 27, '2022-02-06 20:03:14', '2022-02-06 20:03:14'),
(29, '19', 1, '6cf2cb96-06bc-4bb2-b47a-807930a29f30', 28, '2022-02-06 20:04:17', '2022-02-06 20:04:17'),
(30, '9', 1, '054c05b5-bf3a-4b60-9669-0b0252776845', 29, '2022-02-06 20:05:13', '2022-02-06 20:05:13'),
(31, '37', 1, '2bab4375-057c-4dc0-9c42-9233bc1f4ba3', 30, '2022-02-06 20:05:56', '2022-02-06 20:05:56'),
(32, '15/1', 1, '19ba8617-899b-4f2e-987a-e0ed870990a9', 31, '2022-02-06 20:06:27', '2022-02-06 20:06:27'),
(33, '13', 1, 'cdf4b176-affa-44cf-950e-ab5b1dd2f88b', 32, '2022-02-06 20:07:50', '2022-02-06 20:07:50'),
(34, '1', 1, '0370d320-c865-493d-8e88-71cf45d476a1', 33, '2022-02-06 20:09:00', '2022-02-06 20:09:00'),
(35, '13', 4, 'c2d42f2f-b23b-407f-b30f-6e87238eff4f', 14, '2022-02-06 20:10:23', '2022-02-06 20:10:23'),
(36, '218', 1, '4241950b-0098-4928-9ed4-cdab60b95374', 14, '2022-02-06 20:12:33', '2022-02-06 20:12:33'),
(37, '7', 1, '86f6c2ba-e28d-447d-86e9-de9fb010703e', 34, '2022-02-06 20:13:16', '2022-02-06 20:13:16'),
(38, '6', 1, 'ec8bae98-23a6-4203-b9d6-c2ce1e378feb', 35, '2022-02-06 20:14:33', '2022-02-06 20:14:33'),
(39, '71', 1, NULL, 36, '2022-02-06 20:15:56', '2022-02-06 20:15:56'),
(40, '29', 1, NULL, 37, '2022-02-06 20:16:48', '2022-02-06 20:16:48'),
(41, '22', 1, NULL, 38, '2022-02-06 20:17:25', '2022-02-06 20:17:25'),
(42, '6', 1, NULL, 39, '2022-02-06 20:17:54', '2022-02-06 20:17:54'),
(43, '14', 1, NULL, 40, '2022-02-06 20:18:32', '2022-02-06 20:18:32'),
(44, '19', 1, NULL, 41, '2022-02-06 20:20:07', '2022-02-06 20:20:07'),
(45, '2А', 1, 'cf69958c-124c-474e-a099-1bafe092bab2', 42, '2022-02-06 20:21:26', '2022-02-06 20:21:26'),
(46, '3', 1, '5150559d-71af-491a-b419-dd8100c42a53', 43, '2022-02-06 20:22:30', '2022-02-06 20:22:30'),
(47, '35', 1, '7ef489cc-fc44-4ee0-b67b-0b72adb4c8b8', 44, '2022-02-06 20:23:19', '2022-02-06 20:23:19'),
(48, '8', 1, '2750cb42-3ebc-4dd9-b8d0-f140dcc8f2ed', 45, '2022-02-06 20:23:46', '2022-02-06 20:23:46'),
(49, '189/1', 1, 'c18887eb-2f93-49b7-b72f-a1ea5de43c10', 46, '2022-02-06 20:24:58', '2022-02-06 20:24:58'),
(50, '91А', 1, NULL, 47, '2022-02-06 20:25:42', '2022-02-06 20:25:42'),
(51, '46/37', 1, '473ae835-aad2-429f-92bf-a12add2c7148', 48, '2022-02-06 20:26:20', '2022-02-06 20:26:20'),
(52, '10', 1, '620c30d9-41b1-4c87-87d3-17e71a4a338e', 49, '2022-02-06 20:27:54', '2022-02-06 20:27:54'),
(53, '2', 1, '9ea6d743-ceb3-486e-b64c-7143b2fa691d', 50, '2022-02-06 20:28:26', '2022-02-06 20:28:26'),
(54, '1А', 1, NULL, 51, '2022-02-06 20:29:31', '2022-02-06 20:29:31'),
(55, '2А', 1, NULL, 51, '2022-02-06 20:30:17', '2022-02-06 20:30:17'),
(56, '7', 1, 'f02b501a-ce9e-40ca-a830-4025e409a0ea', 52, '2022-02-06 20:31:20', '2022-02-06 20:31:20'),
(57, '67', 1, 'a2fa7b8f-b64f-455f-bcc6-3897f415ed55', 53, '2022-02-06 20:32:17', '2022-02-06 20:32:17'),
(58, '65', 1, '0fe0d62d-0dd7-4493-a5c4-d767f84c27fb', 54, '2022-02-06 20:33:00', '2022-02-06 20:33:00'),
(59, '183', 1, '88c5ec23-a1f8-4966-91f3-afa77dba443b', 55, '2022-02-06 20:33:51', '2022-02-06 20:33:51'),
(60, '21', 1, 'b99b268b-2a74-4b3a-9d2b-2de06abdfa41', 56, '2022-02-06 20:34:19', '2022-02-06 20:34:19'),
(61, '21', 1, '5a7a7d17-5123-49ea-bf5a-e463f7ebfe16', 57, '2022-02-06 23:07:56', '2022-02-06 23:07:56'),
(62, '83', 1, '3903a345-3cb2-472d-a636-d263d173e6b1', 58, '2022-02-06 23:09:26', '2022-02-06 23:09:26'),
(63, '22', 1, '154e13cd-ca52-49c7-aab1-ad6f00efb84b', 59, '2022-02-06 23:10:46', '2022-02-06 23:10:46'),
(64, '31', 1, '1e08b6f7-1dd1-4969-a045-fe93528850f3', 60, '2022-02-07 04:43:19', '2022-02-07 04:43:19'),
(65, '22', 1, 'a6686bc4-7e4d-475f-b403-00f51ca01a45', 59, '2022-02-07 15:38:08', '2022-02-07 15:38:08'),
(66, '12', 1, 'ef15c948-ab95-4278-8ec5-3247fee70b20', 61, '2022-02-07 16:13:12', '2022-02-07 16:13:12'),
(67, '14', 1, 'ebd6ceb6-289c-4a29-b488-ab1eb1e02752', 62, '2022-02-07 16:15:14', '2022-02-07 16:15:14'),
(68, '2', 1, 'a03e1594-7166-437c-adc9-4c8f60ec98f7', 63, '2022-02-07 16:24:05', '2022-02-07 16:24:05'),
(69, '11', 1, '16d71664-582c-46d3-a8f0-0dc80a771b0c', 64, '2022-02-07 16:26:17', '2022-02-07 16:26:17');
